<?xml version="1.0" encoding="UTF-8" standalone="yes"?>
<addon id="plugin.video.metv19"                                                                                                                                    
	   name="M.E.T.V"                                                 
	   version="1.0.11"                                                                                                                                       
	   provider-name="EzzerMan">
  <requires>
	    <import addon="script.module.six" version="0.0.1"/>
		<import addon="script.module.requests"/>
        <import addon="script.module.resolveurl"/>
    </requires>
  <extension point="xbmc.python.pluginsource"
            library="default.py">
        <provides>video</provides>
  </extension>
  <extension library="resources/modules/" point="xbmc.python.module" />
  <extension library="resources/sources/" point="xbmc.python.module" />
  <extension library="resources/" point="xbmc.python.module" />
  <extension point="xbmc.addon.metadata">
	<reuselanguageinvoker>true</reuselanguageinvoker>
    <summary lang="en">From Old to New</summary>
    <description lang="en">Enjoy</description>
	
    <platform>all</platform>
	<assets>
            <icon>icon.png</icon>
            <fanart>fanart.jpg</fanart>
    </assets>
  </extension>
  
</addon>
