<?xml version="1.0" encoding="UTF-8"?>
<window>
    <coordinates>
        <left>635</left>
        <top>160</top>
    </coordinates>
    <controls>
        <control type="group">
            <control type="image">
                <description>Background Image</description>
                <posx>0</posx>
                <posy>0</posy>
                <width>650</width>
                <height>765</height>
                <texture border="2">Background/loguploader-dialog-bg.png</texture>
            </control>
            <control type="image">
                <description>Dialog Header image</description>
                <posx>0</posx>
                <posy>0</posy>
                <width>650</width>
                <height>50</height>
                <texture colordiffuse="FF333333" border="2">Background/loguploader-white.png</texture>
            </control>
            <control type="label" id="101">
                <description>header label</description>
                <posx>0</posx>
                <posy>0</posy>
                <width>650</width>
                <height>50</height>
                <font>font14</font>
                <label></label>
                <align>center</align>
                <aligny>center</aligny>
                <shadowcolor>FF000000</shadowcolor>
            </control>
            <control type="textbox" id="102">
                <left>55</left>
                <top>60</top>
                <width>550</width>
                <height>90</height>
                <font>font12</font>
                <align>left</align>
                <aligny>top</aligny>
                <label>[B][COLOR black]Since this is your First Run of the Wizard, Would you like to Enable any of the following Settings?[/COLOR][/B]</label>
            </control>
        </control>
        <control type="grouplist" id="9000">
            <left>20</left>
            <top>140</top>
            <width>610</width>
            <height>520</height>
            <itemgap>-3</itemgap>
            <align>top</align>
            <orientation>vertical</orientation>
            <onup>201</onup>
            <ondown>201</ondown>
            <onleft>201</onleft>
            <onright>201</onright>
            <control type="radiobutton" id="301">
                <width>610</width>
                <height>60</height>
                <textwidth>565</textwidth>
                <textoffsetx>10</textoffsetx>
                <radioheight>50</radioheight>
                <radioposx>530</radioposx>
                <label>[B][COLOR red]Keep My Trakt[/COLOR][/B]</label>
                <font>font12</font>
                <texturefocus colordiffuse="FFfdfbfb">RadioButton/MenuItemFO.png</texturefocus>
                <texturenofocus>RadioButton/MenuItemNF.png</texturenofocus>
                <textureradioonfocus colordiffuse="FFfffdfd">RadioButton/radiobutton-focus.png</textureradioonfocus>
                <textureradioonnofocus colordiffuse="FFfffdfd">RadioButton/radiobutton-focus.png</textureradioonnofocus>
                <textureradioofffocus colordiffuse="FFfffdfd">RadioButton/radiobutton-focus.png</textureradioofffocus>
                <textureradiooffnofocus>RadioButton/radiobutton-nofocus.png</textureradiooffnofocus>
            </control>
            <control type="radiobutton" id="302">
                <width>610</width>
                <height>60</height>
                <textwidth>565</textwidth>
                <textoffsetx>10</textoffsetx>
                <radioheight>50</radioheight>
                <radioposx>530</radioposx>
                <label>[B][COLOR red]Keep My Real Debrid[/COLOR][/B]</label>
                <font>font12</font>
                <texturefocus colordiffuse="FFfdfbfb">RadioButton/MenuItemFO.png</texturefocus>
                <texturenofocus>RadioButton/MenuItemNF.png</texturenofocus>
                <textureradioonfocus colordiffuse="FFfffdfd">RadioButton/radiobutton-focus.png</textureradioonfocus>
                <textureradioonnofocus colordiffuse="FFfffdfd">RadioButton/radiobutton-focus.png</textureradioonnofocus>
                <textureradioofffocus colordiffuse="FFfffdfd">RadioButton/radiobutton-focus.png</textureradioofffocus>
                <textureradiooffnofocus>RadioButton/radiobutton-nofocus.png</textureradiooffnofocus>
            </control>
            <control type="radiobutton" id="303">
                <width>610</width>
                <height>60</height>
                <textwidth>565</textwidth>
                <textoffsetx>10</textoffsetx>
                <radioheight>50</radioheight>
                <radioposx>530</radioposx>
                <label>[B][COLOR red]Keep My Login Data[/COLOR][/B]</label>
                <font>font12</font>
                <texturefocus colordiffuse="FFfdfbfb">RadioButton/MenuItemFO.png</texturefocus>
                <texturenofocus>RadioButton/MenuItemNF.png</texturenofocus>
                <textureradioonfocus colordiffuse="FFfffdfd">RadioButton/radiobutton-focus.png</textureradioonfocus>
                <textureradioonnofocus colordiffuse="FFfffdfd">RadioButton/radiobutton-focus.png</textureradioonnofocus>
                <textureradioofffocus colordiffuse="FFfffdfd">RadioButton/radiobutton-focus.png</textureradioofffocus>
                <textureradiooffnofocus>RadioButton/radiobutton-nofocus.png</textureradiooffnofocus>
            </control>
            <control type="radiobutton" id="314">
                <width>610</width>
                <height>60</height>
                <textwidth>565</textwidth>
                <textoffsetx>10</textoffsetx>
                <radioheight>50</radioheight>
                <radioposx>530</radioposx>
                <label>[B][COLOR red]Keep My Alluc Login[/COLOR][/B]</label>
                <font>font12</font>
                <texturefocus colordiffuse="FFfdfbfb">RadioButton/MenuItemFO.png</texturefocus>
                <texturenofocus>RadioButton/MenuItemNF.png</texturenofocus>
                <textureradioonfocus colordiffuse="FFfffdfd">RadioButton/radiobutton-focus.png</textureradioonfocus>
                <textureradioonnofocus colordiffuse="FFfffdfd">RadioButton/radiobutton-focus.png</textureradioonnofocus>
                <textureradioofffocus colordiffuse="FFfffdfd">RadioButton/radiobutton-focus.png</textureradioofffocus>
                <textureradiooffnofocus>RadioButton/radiobutton-nofocus.png</textureradiooffnofocus>
            </control>
            <control type="radiobutton" id="305">
                <width>610</width>
                <height>60</height>
                <textwidth>565</textwidth>
                <textoffsetx>10</textoffsetx>
                <radioheight>50</radioheight>
                <radioposx>530</radioposx>
                <label>[B][COLOR red]Keep My Profiles.xml[/COLOR][/B]</label>
                <font>font12</font>
                <texturefocus colordiffuse="FFfdfbfb">RadioButton/MenuItemFO.png</texturefocus>
                <texturenofocus>RadioButton/MenuItemNF.png</texturenofocus>
                <textureradioonfocus colordiffuse="FFfffdfd">RadioButton/radiobutton-focus.png</textureradioonfocus>
                <textureradioonnofocus colordiffuse="FFfffdfd">RadioButton/radiobutton-focus.png</textureradioonnofocus>
                <textureradioofffocus colordiffuse="FFfffdfd">RadioButton/radiobutton-focus.png</textureradioofffocus>
                <textureradiooffnofocus>RadioButton/radiobutton-nofocus.png</textureradiooffnofocus>
            </control>
            <control type="radiobutton" id="306">
                <width>610</width>
                <height>60</height>
                <textwidth>565</textwidth>
                <textoffsetx>10</textoffsetx>
                <radioheight>50</radioheight>
                <radioposx>530</radioposx>
                <label>[B][COLOR red]Keep My AdvancedSettings.xml[/COLOR][/B]</label>
                <font>font12</font>
                <texturefocus colordiffuse="FFfdfbfb">RadioButton/MenuItemFO.png</texturefocus>
                <texturenofocus>RadioButton/MenuItemNF.png</texturenofocus>
                <textureradioonfocus colordiffuse="FFfffdfd">RadioButton/radiobutton-focus.png</textureradioonfocus>
                <textureradioonnofocus colordiffuse="FFfffdfd">RadioButton/radiobutton-focus.png</textureradioonnofocus>
                <textureradioofffocus colordiffuse="FFfffdfd">RadioButton/radiobutton-focus.png</textureradioofffocus>
                <textureradiooffnofocus>RadioButton/radiobutton-nofocus.png</textureradiooffnofocus>
            </control>
            <control type="radiobutton" id="307">
                <width>610</width>
                <height>60</height>
                <textwidth>565</textwidth>
                <textoffsetx>10</textoffsetx>
                <radioheight>50</radioheight>
                <radioposx>530</radioposx>
                <label>[B][COLOR red]Keep My Favourites.xml[/COLOR][/B]</label>
                <font>font12</font>
                <texturefocus colordiffuse="FFfdfbfb">RadioButton/MenuItemFO.png</texturefocus>
                <texturenofocus>RadioButton/MenuItemNF.png</texturenofocus>
                <textureradioonfocus colordiffuse="FFfffdfd">RadioButton/radiobutton-focus.png</textureradioonfocus>
                <textureradioonnofocus colordiffuse="FFfffdfd">RadioButton/radiobutton-focus.png</textureradioonnofocus>
                <textureradioofffocus colordiffuse="FFfffdfd">RadioButton/radiobutton-focus.png</textureradioofffocus>
                <textureradiooffnofocus>RadioButton/radiobutton-nofocus.png</textureradiooffnofocus>
            </control>
            <control type="radiobutton" id="308">
                <width>610</width>
                <height>60</height>
                <textwidth>565</textwidth>
                <textoffsetx>10</textoffsetx>
                <radioheight>50</radioheight>
                <radioposx>530</radioposx>
                <label>[B][COLOR red]Keep My Super Favourites[/COLOR][/B]</label>
                <font>font12</font>
                <texturefocus colordiffuse="FFfdfbfb">RadioButton/MenuItemFO.png</texturefocus>
                <texturenofocus>RadioButton/MenuItemNF.png</texturenofocus>
                <textureradioonfocus colordiffuse="FFfffdfd">RadioButton/radiobutton-focus.png</textureradioonfocus>
                <textureradioonnofocus colordiffuse="FFfffdfd">RadioButton/radiobutton-focus.png</textureradioonnofocus>
                <textureradioofffocus colordiffuse="FFfffdfd">RadioButton/radiobutton-focus.png</textureradioofffocus>
                <textureradiooffnofocus>RadioButton/radiobutton-nofocus.png</textureradiooffnofocus>
            </control>
            <control type="radiobutton" id="309">
                <width>610</width>
                <height>60</height>
                <textwidth>565</textwidth>
                <textoffsetx>10</textoffsetx>
                <radioheight>50</radioheight>
                <radioposx>530</radioposx>
                <label>[B][COLOR red]Keep My Repositories[/COLOR][/B]</label>
                <font>font12</font>
                <texturefocus colordiffuse="FFfdfbfb">RadioButton/MenuItemFO.png</texturefocus>
                <texturenofocus>RadioButton/MenuItemNF.png</texturenofocus>
                <textureradioonfocus colordiffuse="FFfffdfd">RadioButton/radiobutton-focus.png</textureradioonfocus>
                <textureradioonnofocus colordiffuse="FFfffdfd">RadioButton/radiobutton-focus.png</textureradioonnofocus>
                <textureradioofffocus colordiffuse="FFfffdfd">RadioButton/radiobutton-focus.png</textureradioofffocus>
                <textureradiooffnofocus>RadioButton/radiobutton-nofocus.png</textureradiooffnofocus>
            </control>
            <control type="radiobutton" id="310">
                <width>610</width>
                <height>60</height>
                <textwidth>565</textwidth>
                <textoffsetx>10</textoffsetx>
                <radioheight>50</radioheight>
                <radioposx>530</radioposx>
                <label>[B][COLOR red]Keep My Whitelist[/COLOR][/B]</label>
                <font>font12</font>
                <texturefocus colordiffuse="FFfdfbfb">RadioButton/MenuItemFO.png</texturefocus>
                <texturenofocus>RadioButton/MenuItemNF.png</texturenofocus>
                <textureradioonfocus colordiffuse="FFfffdfd">RadioButton/radiobutton-focus.png</textureradioonfocus>
                <textureradioonnofocus colordiffuse="FFfffdfd">RadioButton/radiobutton-focus.png</textureradioonnofocus>
                <textureradioofffocus colordiffuse="FFfffdfd">RadioButton/radiobutton-focus.png</textureradioofffocus>
                <textureradiooffnofocus>RadioButton/radiobutton-nofocus.png</textureradiooffnofocus>
            </control>
            <control type="radiobutton" id="311">
                <width>610</width>
                <height>60</height>
                <textwidth>565</textwidth>
                <textoffsetx>10</textoffsetx>
                <radioheight>50</radioheight>
                <radioposx>530</radioposx>
                <label>[B][COLOR red]Clear Cache on Startup[/COLOR][/B]</label>
                <font>font12</font>
                <texturefocus colordiffuse="FFfdfbfb">RadioButton/MenuItemFO.png</texturefocus>
                <texturenofocus>RadioButton/MenuItemNF.png</texturenofocus>
                <textureradioonfocus colordiffuse="FFfffdfd">RadioButton/radiobutton-focus.png</textureradioonfocus>
                <textureradioonnofocus colordiffuse="FFfffdfd">RadioButton/radiobutton-focus.png</textureradioonnofocus>
                <textureradioofffocus colordiffuse="FFfffdfd">RadioButton/radiobutton-focus.png</textureradioofffocus>
                <textureradiooffnofocus>RadioButton/radiobutton-nofocus.png</textureradiooffnofocus>
            </control>
        </control>
        <control type="group" id="9001">
            <control type="button" id="201">
                <left>225</left>
                <top>655</top>
                <width>200</width>
                <height>70</height>
                <font>font13</font>
                <textcolor>FFF0F0F0</textcolor>
                <label>NEXT</label>
                <align>center</align>
                <aligny>center</aligny>
                <onup>9000</onup>
                <ondown>9000</ondown>
                <texturefocus border="40" colordiffuse="FF500c0c">Button/loguploader-dialogbutton-fo.png</texturefocus>
                <texturenofocus border="40">Button/loguploader-dialogbutton-nofo.png</texturenofocus>
            </control>
        </control>
    </controls>
</window>
