<?xml version="1.0" encoding="UTF-8" standalone="yes"?>
<addon id="repository.EzzerMacsWizard" name="EzzerMacs Wizard Repository" version="1.1.9" provider-name="EzzerMac">
    <extension point="xbmc.addon.repository" name="EzzerMacs Wizard Repository">
		<dir>
			<info compressed="false">https://raw.githubusercontent.com/ezzerman12345/wizard/master/_zipfiles/addons.xml</info>
			<checksum>https://raw.githubusercontent.com/ezzerman12345/wizard/master/_zipfiles/addons.xml.md5</checksum>
			<datadir zip="true">https://raw.githubusercontent.com/ezzerman12345/wizard/master/_zipfiles/</datadir>
			<hashes>false</hashes>
		</dir>
        <dir>
           <info compressed="false">https://raw.githubusercontent.com/Gujal00/smrzips/master/addons.xml</info>
           <checksum>https://raw.githubusercontent.com/Gujal00/smrzips/master/addons.xml.md5</checksum>
           <datadir zip="true">https://raw.githubusercontent.com/Gujal00/smrzips/master/zips/</datadir>
        </dir>
    </extension>
    <extension point="xbmc.addon.metadata">
        <summary lang="en_GB">Welcome to the New and Improved EZZERMACS WIZARD for all your Community Builds, All the Help and Assistance can be found Here</summary>
        <description lang="en_GB">Repo from EzzerMan.</description>
        <platform>all</platform>
        <assets>
            <icon>icon.png</icon>
			<fanart>fanart.jpg</fanart>
        </assets>
    </extension>
</addon>