<?xml version="1.0" encoding="UTF-8" standalone="yes"?>
<addon id="plugin.program.EzzerMac" name="EzzerMac Wizard" version="1.2.5" provider-name="EzzerMac">
  <requires>
    <import addon="xbmc.python" version="2.1.0"/>
  </requires>
  <extension point="xbmc.python.pluginsource" library="default.py">
        <provides>executable</provides>
  </extension>
  <extension point="xbmc.service" library="startup.py" start="startup" />
  <extension point="xbmc.addon.metadata">
    <summary lang="en">EzzerMacs Wizard</summary>
    <description lang="en">There is everything you need in this Wizard from Repos to Addons To Wizards to APK's, A huge thanks to everyone who made it possible , Enjoy your stay.</description>
    <platform>all</platform>
  </extension>
</addon>